iter	Logloss
0	0.6263092332
50	0.00951162448
100	0.002540401331
150	0.001655598853
200	0.001322047817
250	0.001142028813
300	0.0009995917541
350	0.0008761200863
400	0.0007715579217
450	0.0006899094956
499	0.0006027928327
